{"bounds": [[0.1, 0.9], [0.1, 0.9]], "sequence_length": 400, "default_connectivity_radius": 0.015, "dim": 2, "dt": 0.0025, "vel_mean": [6.839056577087033e-06, -0.0008123306585070839], "vel_std": [0.0017002050274650662, 0.002129137009516546], "acc_mean": [1.5285168867909956e-07, 2.06352081195317e-07], "acc_std": [0.00016363805620398154, 0.00017388514752818675]}